{"cameraMode":{"drawMode":0,"name":"Shaded","section":"Shading Mode"},"sceneLighting":false,"audioPlay":false,"sceneViewState":{"showFog":true,"showMaterialUpdate":true,"showSkybox":false,"showFlares":true,"showImageEffects":true,"showParticleSystems":true},"in2DMode":false,"pivot":{"x":897.7112426757813,"y":145.5415802001953,"z":19.3424072265625},"rotation":{"x":0.022802310064435006,"y":0.022806677967309953,"z":-0.0005210772505961359,"w":0.9995077252388},"size":286.95269775390627,"orthographic":false}