{"cameraMode":{"drawMode":0,"name":"Shaded","section":"Shading Mode"},"sceneLighting":false,"audioPlay":false,"sceneViewState":{"showFog":true,"showMaterialUpdate":true,"showSkybox":false,"showFlares":true,"showImageEffects":true,"showParticleSystems":true},"in2DMode":false,"pivot":{"x":1.6929998397827149,"y":-0.29776620864868166,"z":-5.380000114440918},"rotation":{"x":0.05425700545310974,"y":0.03176238760352135,"z":-0.0017272972036153079,"w":0.9980481266975403},"size":1.7320507764816285,"orthographic":false}