{"cameraMode":{"drawMode":0,"name":"Shaded","section":"Shading Mode"},"sceneLighting":false,"audioPlay":false,"sceneViewState":{"showFog":true,"showMaterialUpdate":true,"showSkybox":false,"showFlares":true,"showImageEffects":true,"showParticleSystems":true},"in2DMode":false,"pivot":{"x":563.4503173828125,"y":578.7973022460938,"z":52.78271484375},"rotation":{"x":0.022802310064435006,"y":0.022806677967309953,"z":-0.0005210772505961359,"w":0.9995077252388},"size":776.9889526367188,"orthographic":false}