{"cameraMode":{"drawMode":0,"name":"Shaded","section":"Shading Mode"},"sceneLighting":false,"audioPlay":false,"sceneViewState":{"showFog":true,"showMaterialUpdate":true,"showSkybox":false,"showFlares":true,"showImageEffects":true,"showParticleSystems":true},"in2DMode":false,"pivot":{"x":-9.884376525878907,"y":39.23857879638672,"z":-2.3412044048309328},"rotation":{"x":0.08741355687379837,"y":-0.9088249206542969,"z":0.24157476425170899,"w":0.328767329454422},"size":3.532050609588623,"orthographic":false}