{"cameraMode":{"drawMode":0,"name":"Shaded","section":"Shading Mode"},"sceneLighting":true,"audioPlay":false,"sceneViewState":{"showFog":true,"showMaterialUpdate":true,"showSkybox":true,"showFlares":true,"showImageEffects":true,"showParticleSystems":true},"in2DMode":false,"pivot":{"x":362.85406494140627,"y":135.48977661132813,"z":-127.5526123046875},"rotation":{"x":0.05128847435116768,"y":0.0018129636300727726,"z":-0.00010065691458294168,"w":0.9987112283706665},"size":699.94287109375,"orthographic":false}