{"cameraMode":{"drawMode":0,"name":"Shaded","section":"Shading Mode"},"sceneLighting":false,"audioPlay":false,"sceneViewState":{"showFog":true,"showMaterialUpdate":true,"showSkybox":false,"showFlares":true,"showImageEffects":true,"showParticleSystems":true},"in2DMode":false,"pivot":{"x":8.168536186218262,"y":-501.8327941894531,"z":-82.1778335571289},"rotation":{"x":0.12380638718605042,"y":0.23607562482357026,"z":-0.030322961509227754,"w":0.9633685350418091},"size":6.848971366882324,"orthographic":false}