{"cameraMode":{"drawMode":0,"name":"Shaded","section":"Shading Mode"},"sceneLighting":false,"audioPlay":false,"sceneViewState":{"showFog":true,"showMaterialUpdate":true,"showSkybox":false,"showFlares":true,"showImageEffects":true,"showParticleSystems":true},"in2DMode":false,"pivot":{"x":1.6640000343322755,"y":-0.05929851531982422,"z":-2.4974303245544435},"rotation":{"x":0.05425700545310974,"y":0.03176238760352135,"z":-0.0017272972036153079,"w":0.9980481266975403},"size":1.7320507764816285,"orthographic":false}