{"cameraMode":{"drawMode":0,"name":"Shaded","section":"Shading Mode"},"sceneLighting":false,"audioPlay":false,"sceneViewState":{"showFog":true,"showMaterialUpdate":true,"showSkybox":false,"showFlares":true,"showImageEffects":true,"showParticleSystems":true},"in2DMode":false,"pivot":{"x":-5.363870620727539,"y":-8.231505393981934,"z":-3.4649176597595217},"rotation":{"x":-0.06705047935247421,"y":0.9293710589408875,"z":-0.2954632639884949,"w":-0.21095162630081178},"size":4.103521347045898,"orthographic":false}