{"cameraMode":{"drawMode":0,"name":"Shaded","section":"Shading Mode"},"sceneLighting":true,"audioPlay":false,"sceneViewState":{"showFog":true,"showMaterialUpdate":true,"showSkybox":false,"showFlares":true,"showImageEffects":true,"showParticleSystems":true},"in2DMode":false,"pivot":{"x":608.3660278320313,"y":209.443603515625,"z":236.55938720703126},"rotation":{"x":-0.16824188828468324,"y":-0.26917001605033877,"z":0.04784245043992996,"w":-0.9471150040626526},"size":580.6842651367188,"orthographic":false}