{"cameraMode":{"drawMode":0,"name":"Shaded","section":"Shading Mode"},"sceneLighting":false,"audioPlay":false,"sceneViewState":{"showFog":true,"showMaterialUpdate":true,"showSkybox":false,"showFlares":true,"showImageEffects":true,"showParticleSystems":true},"in2DMode":false,"pivot":{"x":-2.8047235012054445,"y":20.748430252075197,"z":-0.02305436134338379},"rotation":{"x":-0.018711570650339128,"y":0.8877861499786377,"z":-0.03625508025288582,"w":-0.45847153663635256},"size":1.3626153469085694,"orthographic":false}