{"cameraMode":{"drawMode":0,"name":"Shaded","section":"Shading Mode"},"sceneLighting":false,"audioPlay":false,"sceneViewState":{"showFog":true,"showMaterialUpdate":true,"showSkybox":false,"showFlares":true,"showImageEffects":true,"showParticleSystems":true},"in2DMode":false,"pivot":{"x":276.7389221191406,"y":1241.99462890625,"z":15.724365234375},"rotation":{"x":0.0781509280204773,"y":0.04484283924102783,"z":-0.0035468987189233305,"w":0.9959447383880615},"size":1176.5450439453125,"orthographic":false}