{"cameraMode":{"drawMode":0,"name":"Shaded","section":"Shading Mode"},"sceneLighting":false,"audioPlay":false,"sceneViewState":{"showFog":true,"showMaterialUpdate":true,"showSkybox":false,"showFlares":true,"showImageEffects":true,"showParticleSystems":true},"in2DMode":false,"pivot":{"x":0.2404429167509079,"y":0.36116307973861697,"z":-1.1726044416427613},"rotation":{"x":-0.03114853799343109,"y":0.04945508763194084,"z":0.0015297310892492533,"w":0.9983125329017639},"size":0.6235851049423218,"orthographic":false}