{"cameraMode":{"drawMode":0,"name":"Shaded","section":"Shading Mode"},"sceneLighting":false,"audioPlay":false,"sceneViewState":{"showFog":true,"showMaterialUpdate":true,"showSkybox":false,"showFlares":true,"showImageEffects":true,"showParticleSystems":true},"in2DMode":false,"pivot":{"x":1262.607177734375,"y":960.000244140625,"z":0.0},"rotation":{"x":-0.03267492353916168,"y":0.02548222430050373,"z":0.0008055693469941616,"w":0.9991591572761536},"size":161.33580017089845,"orthographic":false}