{"cameraMode":{"drawMode":0,"name":"Shaded","section":"Shading Mode"},"sceneLighting":true,"audioPlay":false,"sceneViewState":{"showFog":true,"showMaterialUpdate":true,"showSkybox":true,"showFlares":true,"showImageEffects":true,"showParticleSystems":true},"in2DMode":false,"pivot":{"x":1575.740478515625,"y":1433.8370361328125,"z":559.3547973632813},"rotation":{"x":0.10804073512554169,"y":0.03279607370495796,"z":-0.003598056035116315,"w":0.9936235547065735},"size":2235.513916015625,"orthographic":false}