{"cameraMode":{"drawMode":0,"name":"Shaded","section":"Shading Mode"},"sceneLighting":false,"audioPlay":false,"sceneViewState":{"showFog":true,"showMaterialUpdate":true,"showSkybox":false,"showFlares":true,"showImageEffects":true,"showParticleSystems":true},"in2DMode":false,"pivot":{"x":73.71720886230469,"y":148.17881774902345,"z":0.0},"rotation":{"x":0.0782255083322525,"y":0.011959445662796498,"z":-0.000935993215534836,"w":0.9968739748001099},"size":481.5099182128906,"orthographic":false}