{"cameraMode":{"drawMode":0,"name":"Shaded","section":"Shading Mode"},"sceneLighting":false,"audioPlay":false,"sceneViewState":{"showFog":true,"showMaterialUpdate":true,"showSkybox":false,"showFlares":true,"showImageEffects":true,"showParticleSystems":true},"in2DMode":false,"pivot":{"x":1.371302604675293,"y":17.115100860595704,"z":-3.094182252883911},"rotation":{"x":0.2483607530593872,"y":0.6393329501152039,"z":-0.22998322546482087,"w":0.6904244422912598},"size":6.242735862731934,"orthographic":false}