{"cameraMode":{"drawMode":0,"name":"Shaded","section":"Shading Mode"},"sceneLighting":false,"audioPlay":false,"sceneViewState":{"showFog":true,"showMaterialUpdate":true,"showSkybox":false,"showFlares":true,"showImageEffects":true,"showParticleSystems":true},"in2DMode":false,"pivot":{"x":8.157731056213379,"y":-9.95893383026123,"z":0.7023143768310547},"rotation":{"x":0.21442748606204987,"y":0.4707219898700714,"z":-0.11909801512956619,"w":0.8475050330162048},"size":22.553571701049806,"orthographic":false}